{
    "name": "root",
    "gauges": {
        "TrucksBehavior.Policy.Entropy.mean": {
            "value": 4.848355770111084,
            "min": 4.848355770111084,
            "max": 5.363383769989014,
            "count": 7
        },
        "TrucksBehavior.Policy.Entropy.sum": {
            "value": 244114.703125,
            "min": 244114.703125,
            "max": 275007.5,
            "count": 7
        },
        "TrucksBehavior.Environment.EpisodeLength.mean": {
            "value": 175.84805653710248,
            "min": 143.78947368421052,
            "max": 175.84805653710248,
            "count": 7
        },
        "TrucksBehavior.Environment.EpisodeLength.sum": {
            "value": 49765.0,
            "min": 48561.0,
            "max": 50610.0,
            "count": 7
        },
        "TrucksBehavior.Step.mean": {
            "value": 349975.0,
            "min": 49925.0,
            "max": 349975.0,
            "count": 7
        },
        "TrucksBehavior.Step.sum": {
            "value": 349975.0,
            "min": 49925.0,
            "max": 349975.0,
            "count": 7
        },
        "TrucksBehavior.Policy.ExtrinsicValueEstimate.mean": {
            "value": -19652.294921875,
            "min": -20538.29296875,
            "max": -4511.1416015625,
            "count": 7
        },
        "TrucksBehavior.Policy.ExtrinsicValueEstimate.sum": {
            "value": -10376412.0,
            "min": -11234446.0,
            "max": -2377371.75,
            "count": 7
        },
        "TrucksBehavior.Policy.CuriosityValueEstimate.mean": {
            "value": -15.925448417663574,
            "min": -51.106353759765625,
            "max": -10.860725402832031,
            "count": 7
        },
        "TrucksBehavior.Policy.CuriosityValueEstimate.sum": {
            "value": -8408.63671875,
            "min": -28619.55859375,
            "max": -5723.60205078125,
            "count": 7
        },
        "TrucksBehavior.Environment.CumulativeReward.mean": {
            "value": -363333.3132203868,
            "min": -363333.3132203868,
            "max": -290755.8214017907,
            "count": 7
        },
        "TrucksBehavior.Environment.CumulativeReward.sum": {
            "value": -103186660.95458984,
            "min": -106065199.89157104,
            "max": -97993705.68383789,
            "count": 7
        },
        "TrucksBehavior.Policy.ExtrinsicReward.mean": {
            "value": -363333.3132203868,
            "min": -363333.3132203868,
            "max": -290755.8214017907,
            "count": 7
        },
        "TrucksBehavior.Policy.ExtrinsicReward.sum": {
            "value": -103186660.95458984,
            "min": -106065199.89157104,
            "max": -97993705.68383789,
            "count": 7
        },
        "TrucksBehavior.Policy.CuriosityReward.mean": {
            "value": 0.37618460181385643,
            "min": 0.37618460181385643,
            "max": 2.657723304849531,
            "count": 7
        },
        "TrucksBehavior.Policy.CuriosityReward.sum": {
            "value": 106.83642691513523,
            "min": 106.83642691513523,
            "max": 911.599093563389,
            "count": 7
        },
        "TrucksBehavior.Losses.PolicyLoss.mean": {
            "value": 0.05401042276828131,
            "min": 0.04729322435017972,
            "max": 0.05401042276828131,
            "count": 7
        },
        "TrucksBehavior.Losses.PolicyLoss.sum": {
            "value": 0.05401042276828131,
            "min": 0.04729322435017972,
            "max": 0.10661307901606656,
            "count": 7
        },
        "TrucksBehavior.Losses.ValueLoss.mean": {
            "value": 4575904.772135417,
            "min": 4575904.772135417,
            "max": 7520090.766276042,
            "count": 7
        },
        "TrucksBehavior.Losses.ValueLoss.sum": {
            "value": 4575904.772135417,
            "min": 4575904.772135417,
            "max": 14120976.522786457,
            "count": 7
        },
        "TrucksBehavior.Policy.LearningRate.mean": {
            "value": 0.006719910032800897,
            "min": 0.006719910032800897,
            "max": 0.0096721800032782,
            "count": 7
        },
        "TrucksBehavior.Policy.LearningRate.sum": {
            "value": 0.006719910032800897,
            "min": 0.006719910032800897,
            "max": 0.0183596300164037,
            "count": 7
        },
        "TrucksBehavior.Policy.Epsilon.mean": {
            "value": 0.16719909999999996,
            "min": 0.16719909999999996,
            "max": 0.19672179999999997,
            "count": 7
        },
        "TrucksBehavior.Policy.Epsilon.sum": {
            "value": 0.16719909999999996,
            "min": 0.16719909999999996,
            "max": 0.38359630000000006,
            "count": 7
        },
        "TrucksBehavior.Policy.Beta.mean": {
            "value": 0.00336323509,
            "min": 0.00336323509,
            "max": 0.00483641782,
            "count": 7
        },
        "TrucksBehavior.Policy.Beta.sum": {
            "value": 0.00336323509,
            "min": 0.00336323509,
            "max": 0.00918145537,
            "count": 7
        },
        "TrucksBehavior.Losses.CuriosityForwardLoss.mean": {
            "value": 0.09981650880460317,
            "min": 0.09981650880460317,
            "max": 93534.02028934704,
            "count": 7
        },
        "TrucksBehavior.Losses.CuriosityForwardLoss.sum": {
            "value": 0.09981650880460317,
            "min": 0.09981650880460317,
            "max": 93534.02028934704,
            "count": 7
        },
        "TrucksBehavior.Losses.CuriosityInverseLoss.mean": {
            "value": 4.937011584639549,
            "min": 4.937011584639549,
            "max": 10.548881219079098,
            "count": 7
        },
        "TrucksBehavior.Losses.CuriosityInverseLoss.sum": {
            "value": 4.937011584639549,
            "min": 4.937011584639549,
            "max": 10.661880067239204,
            "count": 7
        },
        "TrucksBehavior.IsTraining.mean": {
            "value": 1.0,
            "min": 1.0,
            "max": 1.0,
            "count": 7
        },
        "TrucksBehavior.IsTraining.sum": {
            "value": 1.0,
            "min": 1.0,
            "max": 1.0,
            "count": 7
        }
    },
    "metadata": {
        "timer_format_version": "0.1.0",
        "start_time_seconds": "1681945012",
        "python_version": "3.7.16 (default, Jan 17 2023, 16:06:28) [MSC v.1916 64 bit (AMD64)]",
        "command_line_arguments": "D:\\Programok\\anaconda3\\envs\\unity\\Scripts\\mlagents-learn Training\\Trucks.yaml --run-id=Run-d25",
        "mlagents_version": "0.28.0",
        "mlagents_envs_version": "0.28.0",
        "communication_protocol_version": "1.5.0",
        "pytorch_version": "1.7.1+cu110",
        "numpy_version": "1.21.6",
        "end_time_seconds": "1681946119"
    },
    "total": 1106.4333617999998,
    "count": 1,
    "self": 0.01003339999988384,
    "children": {
        "run_training.setup": {
            "total": 0.10737069999999993,
            "count": 1,
            "self": 0.10737069999999993
        },
        "TrainerController.start_learning": {
            "total": 1106.3159577,
            "count": 1,
            "self": 0.9858008000032896,
            "children": {
                "TrainerController._reset_env": {
                    "total": 5.6455477,
                    "count": 1,
                    "self": 5.6455477
                },
                "TrainerController.advance": {
                    "total": 1096.4516318999965,
                    "count": 16177,
                    "self": 0.54171580000002,
                    "children": {
                        "env_step": {
                            "total": 1095.9099160999965,
                            "count": 16177,
                            "self": 955.3149605999981,