{"count":1,"self":1500.2865663999999,"total":3113.7432756,"children":{"InitializeActuators":{"count":1,"self":0.0035608,"total":0.0035608,"children":null},"InitializeSensors":{"count":1,"self":0.0019998999999999998,"total":0.0019998999999999998,"children":null},"AgentSendState":{"count":750651,"self":5.3597996,"total":16.3099112,"children":{"CollectObservations":{"count":150131,"self":1.6370487999999999,"total":1.6370487999999999,"children":null},"WriteActionMask":{"count":150131,"self":0.76626699999999992,"total":0.76626699999999992,"children":null},"RequestDecision":{"count":150131,"self":1.6167996,"total":8.5467959,"children":{"AgentInfo.ToProto":{"count":150131,"self":2.8299672,"total":6.9299963,"children":{"GenerateSensorData":{"count":150131,"self":4.1000292,"total":4.1000290999999995,"children":null}}}}}}},"DecideAction":{"count":750651,"self":1581.7145343999998,"total":1581.7145828,"children":null},"AgentAct":{"count":750651,"self":15.3944912,"total":15.426643799999999,"children":{"AgentInfo.ToProto":{"count":750,"self":0.0135322,"total":0.032153,"children":{"GenerateSensorData":{"count":750,"self":0.0186208,"total":0.0186208,"children":null}}}}}},"gauges":{"TrucksBehavior.CumulativeReward":{"count":750,"max":-217170.625,"min":-336578.063,"runningAverage":-282980.656,"value":-269727.1,"weightedAverage":-265600.6}},"metadata":{"timer_format_version":"0.1.0","start_time_seconds":"1683147256","unity_version":"2021.3.11f1","command_line_arguments":"D:\\Programok\\Unity Hub\\Hub\\Editor\\2021.3.11f1\\Editor\\Unity.exe -projectpath D:\\DiplomamunkaUnity\\Diplomamunka -useHub -hubIPC -cloudEnvironment production -licensingIpc LicenseClient-nagye99 -hubSessionId a9c8d870-e9e8-11ed-9463-9d617159512c -accessToken Z8Qr_yBBPzLDzvBh8m1m4ANSnXDTML4MTRVMZugQcHA007f","communication_protocol_version":"1.5.0","com.unity.ml-agents_version":"2.0.1","scene_name":"CountryScene","end_time_seconds":"1683150370"}}