{"count":1,"self":80.140083199999992,"total":304.2880268,"children":{"InitializeActuators":{"count":75,"self":0.0025188,"total":0.0025188,"children":null},"InitializeSensors":{"count":75,"self":0.0030082999999999998,"total":0.0030082999999999998,"children":null},"AgentSendState":{"count":20984,"self":2.0157596,"total":10.133638099999999,"children":{"CollectObservations":{"count":314775,"self":2.4219049999999998,"total":2.4219049999999998,"children":null},"WriteActionMask":{"count":314775,"self":0.4425745,"total":0.4425745,"children":null},"RequestDecision":{"count":314775,"self":1.5392090999999999,"total":5.253399,"children":{"AgentInfo.ToProto":{"count":314775,"self":1.4393388999999999,"total":3.7141899,"children":{"GenerateSensorData":{"count":314775,"self":2.274851,"total":2.274851,"children":null}}}}}}},"DecideAction":{"count":20984,"self":208.3397632,"total":208.3397683,"children":null},"AgentAct":{"count":20984,"self":5.6519407999999993,"total":5.6679993,"children":{"AgentInfo.ToProto":{"count":1500,"self":0.0079385,"total":0.0160586,"children":{"GenerateSensorData":{"count":1500,"self":0.0081201,"total":0.0081201,"children":null}}}}}},"gauges":{"My Behaviour.CumulativeReward":{"count":1500,"max":-1460.00928,"min":-10059.8643,"runningAverage":-9429.551,"value":-9759.867,"weightedAverage":-7612.981}},"metadata":{"timer_format_version":"0.1.0","start_time_seconds":"1681689963","unity_version":"2021.3.11f1","command_line_arguments":"D:\\Programok\\Unity Hub\\Hub\\Editor\\2021.3.11f1\\Editor\\Unity.exe -projectpath D:\\DiplomamunkaUnity\\Diplomamunka -useHub -hubIPC -cloudEnvironment production -licensingIpc LicenseClient-nagye99 -hubSessionId b4394a90-dc3e-11ed-8ca3-29595a593f2f -accessToken XwqoLe63x-Ilc15fDUcSfXmmad3Q3IkzSkAZEJnrpV4007f","communication_protocol_version":"1.5.0","com.unity.ml-agents_version":"2.0.1","scene_name":"SampleScene","end_time_seconds":"1681690267"}}