{
    "name": "root",
    "gauges": {
        "TrucksBehavior.Policy.Entropy.mean": {
            "value": 3.6327085494995117,
            "min": 3.6327085494995117,
            "max": 4.870305061340332,
            "count": 75
        },
        "TrucksBehavior.Policy.Entropy.sum": {
            "value": 36327.0859375,
            "min": 36327.0859375,
            "max": 50885.2421875,
            "count": 75
        },
        "TrucksBehavior.Step.mean": {
            "value": 749928.0,
            "min": 9928.0,
            "max": 749928.0,
            "count": 75
        },
        "TrucksBehavior.Step.sum": {
            "value": 749928.0,
            "min": 9928.0,
            "max": 749928.0,
            "count": 75
        },
        "TrucksBehavior.Policy.ExtrinsicValueEstimate.mean": {
            "value": -10708.52734375,
            "min": -14507.58203125,
            "max": 0.05467338114976883,
            "count": 75
        },
        "TrucksBehavior.Policy.ExtrinsicValueEstimate.sum": {
            "value": -1070852.75,
            "min": -1450758.25,
            "max": 5.4673380851745605,
            "count": 75
        },
        "TrucksBehavior.Policy.CuriosityValueEstimate.mean": {
            "value": 6.155439853668213,
            "min": -69.5484390258789,
            "max": 11.224571228027344,
            "count": 75
        },
        "TrucksBehavior.Policy.CuriosityValueEstimate.sum": {
            "value": 615.5440063476562,
            "min": -6954.84375,
            "max": 1122.4571533203125,
            "count": 75
        },
        "TrucksBehavior.Environment.EpisodeLength.mean": {
            "value": 199.0,
            "min": 199.0,
            "max": 199.0,
            "count": 75
        },
        "TrucksBehavior.Environment.EpisodeLength.sum": {
            "value": 9950.0,
            "min": 9950.0,
            "max": 9950.0,
            "count": 75
        },
        "TrucksBehavior.Environment.CumulativeReward.mean": {
            "value": -206690.223203125,
            "min": -321174.8372130102,
            "max": -206690.223203125,
            "count": 75
        },
        "TrucksBehavior.Environment.CumulativeReward.sum": {
            "value": -10334511.16015625,
            "min": -16007328.7265625,
            "max": -10334511.16015625,
            "count": 75
        },
        "TrucksBehavior.Policy.ExtrinsicReward.mean": {
            "value": -206690.223203125,
            "min": -321174.8372130102,
            "max": -206690.223203125,
            "count": 75
        },
        "TrucksBehavior.Policy.ExtrinsicReward.sum": {
            "value": -10334511.16015625,
            "min": -16007328.7265625,
            "max": -10334511.16015625,
            "count": 75
        },
        "TrucksBehavior.Policy.CuriosityReward.mean": {
            "value": 19.011900110244753,
            "min": 0.0,
            "max": 89.16219272613526,
            "count": 75
        },
        "TrucksBehavior.Policy.CuriosityReward.sum": {
            "value": 950.5950055122375,
            "min": 0.0,
            "max": 4458.109636306763,
            "count": 75
        },
        "TrucksBehavior.IsTraining.mean": {
            "value": 1.0,
            "min": 1.0,
            "max": 1.0,
            "count": 75
        },
        "TrucksBehavior.IsTraining.sum": {
            "value": 1.0,
            "min": 1.0,
            "max": 1.0,
            "count": 75
        },
        "TrucksBehavior.Losses.PolicyLoss.mean": {
            "value": 0.05063706370535382,
            "min": 0.04787758631811598,
            "max": 0.054037299105688115,
            "count": 21
        },
        "TrucksBehavior.Losses.PolicyLoss.sum": {
            "value": 0.05063706370535382,
            "min": 0.04787758631811598,
            "max": 0.054037299105688115,
            "count": 21
        },
        "TrucksBehavior.Losses.ValueLoss.mean": {
            "value": 1504625.1645220588,
            "min": 1229084.905637255,
            "max": 4787061.113372093,
            "count": 21
        },
        "TrucksBehavior.Losses.ValueLoss.sum": {
            "value": 1504625.1645220588,
            "min": 1229084.905637255,
            "max": 4787061.113372093,
            "count": 21
        },
        "TrucksBehavior.Policy.LearningRate.mean": {
            "value": 0.00023253343100800017,
            "min": 0.00023253343100800017,
            "max": 0.00955733333776,
            "count": 21
        },
        "TrucksBehavior.Policy.LearningRate.sum": {
            "value": 0.00023253343100800017,
            "min": 0.00023253343100800017,
            "max": 0.00955733333776,
            "count": 21
        },
        "TrucksBehavior.Policy.Epsilon.mean": {
            "value": 0.10232533333333335,
            "min": 0.10232533333333335,
            "max": 0.19557333333333335,
            "count": 21
        },
        "TrucksBehavior.Policy.Epsilon.sum": {
            "value": 0.10232533333333335,
            "min": 0.10232533333333335,
            "max": 0.19557333333333335,
            "count": 21
        },
        "TrucksBehavior.Policy.Beta.mean": {
            "value": 0.00012603413333333344,
            "min": 0.00012603413333333344,
            "max": 0.004779109333333334,
            "count": 21
        },
        "TrucksBehavior.Policy.Beta.sum": {
            "value": 0.00012603413333333344,
            "min": 0.00012603413333333344,
            "max": 0.004779109333333334,
            "count": 21
        },
        "TrucksBehavior.Losses.CuriosityForwardLoss.mean": {
            "value": 8.354415608971726,
            "min": 7.54917261705679,
            "max": 60612.92749467007,
            "count": 21
        },
        "TrucksBehavior.Losses.CuriosityForwardLoss.sum": {
            "value": 8.354415608971726,
            "min": 7.54917261705679,
            "max": 60612.92749467007,
            "count": 21
        },
        "TrucksBehavior.Losses.CuriosityInverseLoss.mean": {
            "value": 10.123196458115297,
            "min": 10.123196458115297,
            "max": 36.52517600638614,
            "count": 21
        },
        "TrucksBehavior.Losses.CuriosityInverseLoss.sum": {
            "value": 10.123196458115297,
            "min": 10.123196458115297,
            "max": 36.52517600638614,
            "count": 21
        }
    },
    "metadata": {
        "timer_format_version": "0.1.0",
        "start_time_seconds": "1682097435",
        "python_version": "3.7.16 (default, Jan 17 2023, 16:06:28) [MSC v.1916 64 bit (AMD64)]",
        "command_line_arguments": "D:\\Programok\\anaconda3\\envs\\unity\\Scripts\\mlagents-learn Training\\Trucks.yaml --run-id=NEWRun8 --force",
        "mlagents_version": "0.28.0",
        "mlagents_envs_version": "0.28.0",
        "communication_protocol_version": "1.5.0",
        "pytorch_version": "1.7.1+cu110",
        "numpy_version": "1.21.6",
        "end_time_seconds": "1682100248"
    },
    "total": 2813.4575600000003,
    "count": 1,
    "self": 0.09696799999983341,
    "children": {
        "run_training.setup": {
            "total": 0.18868470000000004,
            "count": 1,
            "self": 0.18868470000000004
        },
        "TrainerController.start_learning": {
            "total": 2813.1719073000004,
            "count": 1,
            "self": 2.4248850000108177,
            "children": {
                "TrainerController._reset_env": {
                    "total": 22.0267977,
                    "count": 1,
                    "self": 22.0267977
                },
                "TrainerController.advance": {
                    "total": 2788.43589689999,
                    "count": 30128,
                    "self": 1.0031266999903892,
                    "children": {
                        "env_step": {
                            "total": 2787.4327701999996,
                            "count": 30128,